slip_no,discount_code
001,MARCHE0823-ZMBY
002,MARCHE0823-RDVR
003,MARCHE0823-DACG
004,MARCHE0823-CK3N
005,MARCHE0823-A2TQ
006,MARCHE0823-P4DJ
007,MARCHE0823-B2ZD
008,MARCHE0823-NH88
009,MARCHE0823-FSQT
010,MARCHE0823-HD5Z
011,MARCHE0823-4EK6
012,MARCHE0823-RUA8
013,MARCHE0823-KR5E
014,MARCHE0823-J4TX
015,MARCHE0823-DJWW
016,MARCHE0823-XA9Q
017,MARCHE0823-2ZNV
018,MARCHE0823-B72P
019,MARCHE0823-U95W
020,MARCHE0823-EPCD
021,MARCHE0823-JC5M
022,MARCHE0823-R884
023,MARCHE0823-A3N7
024,MARCHE0823-G89T
025,MARCHE0823-K7AM
026,MARCHE0823-AUXD
027,MARCHE0823-QHJB
028,MARCHE0823-R2J5
029,MARCHE0823-SQRP
030,MARCHE0823-4QSJ
031,MARCHE0823-PE3B
032,MARCHE0823-B5RY
033,MARCHE0823-8DBM
034,MARCHE0823-7YBZ
035,MARCHE0823-8JRV
036,MARCHE0823-J9RN
037,MARCHE0823-PY8E
038,MARCHE0823-AH4B
039,MARCHE0823-W732
040,MARCHE0823-5J2Q
041,MARCHE0823-6BKR
042,MARCHE0823-AY9X
043,MARCHE0823-XZ6K
044,MARCHE0823-PGE9
045,MARCHE0823-XJDS
046,MARCHE0823-D7MP
047,MARCHE0823-57U7
048,MARCHE0823-DAMF
049,MARCHE0823-W65J
050,MARCHE0823-QN3B
051,MARCHE0823-D6T3
052,MARCHE0823-AUN9
053,MARCHE0823-CTVP
054,MARCHE0823-S2FB
055,MARCHE0823-JFDD
056,MARCHE0823-W2Z6
057,MARCHE0823-63SD
058,MARCHE0823-9UFS
059,MARCHE0823-8969
060,MARCHE0823-N76V
061,MARCHE0823-WSRA
062,MARCHE0823-8DZ4
063,MARCHE0823-M5VT
064,MARCHE0823-SCVQ
065,MARCHE0823-ZMRG
066,MARCHE0823-5CP5
067,MARCHE0823-59HN
068,MARCHE0823-TTDK
069,MARCHE0823-876X
070,MARCHE0823-3G7Y
071,MARCHE0823-967W
072,MARCHE0823-AK2P
073,MARCHE0823-SA2S
074,MARCHE0823-R3JZ
075,MARCHE0823-3AZZ
076,MARCHE0823-G25X
077,MARCHE0823-VHNB
078,MARCHE0823-QNCP
079,MARCHE0823-KVRR
080,MARCHE0823-5RQM
081,MARCHE0823-P3AE
082,MARCHE0823-SJPH
083,MARCHE0823-UCT7
084,MARCHE0823-GY6S
085,MARCHE0823-R7HZ
086,MARCHE0823-NG3F
087,MARCHE0823-JF75
088,MARCHE0823-RTG7
089,MARCHE0823-XRC8
090,MARCHE0823-AQ44
091,MARCHE0823-52JG
092,MARCHE0823-W2XK
093,MARCHE0823-DDET
094,MARCHE0823-UWR4
095,MARCHE0823-QZGU
096,MARCHE0823-B6BJ
097,MARCHE0823-WVGT
098,MARCHE0823-B5MF
099,MARCHE0823-GBQG
100,MARCHE0823-GC89
